<?xml version="1.0"?>
<doc>
    <assembly>
        <name>Plugin.PdfRasterizer.Abstractions</name>
    </assembly>
    <members>
        <member name="T:Plugin.PdfRasterizer.Abstractions.IPdfRasterizer">
            <summary>
            This service renders PDF files to images for easier integration.
            </summary>
        </member>
        <member name="P:Plugin.PdfRasterizer.Abstractions.IPdfRasterizer.RasterizationCacheDirectory">
            <summary>
            The directory where all the rasterized PDF's sub-directories containing page images are created.
            </summary>
        </member>
        <member name="M:Plugin.PdfRasterizer.Abstractions.IPdfRasterizer.Rasterize(System.String,System.Boolean)">
            <summary>
            Renders a local PDF file as a set of page images into a local directory.
            </summary>
            <param name="pdfPath">The relative path to the PDF file in local storage, or a distant url.</param>
            <param name="cachePirority">Indicates whether the already rasterized version should be taken, or images must be forced to be rasterized again.</param>
            <returns></returns>
        </member>
        <member name="M:Plugin.PdfRasterizer.Abstractions.IPdfRasterizer.GetRasterized(System.String)">
            <summary>
            Gets the locally rendered document if it has already been rasterized, else it returns null.
            </summary>
            <param name="pdfPath"></param>
            <returns></returns>
        </member>
    </members>
</doc>
